edge_type,count,percentage
semantic,34727,0.37495458425087097
temporal,9222554,99.57781843525805
entity,4374,0.047226980491067744
