num_nodes,num_edges,avg_degree,max_degree,min_degree,density,avg_weight,max_weight,min_weight
202803,9256924,91.28981326706213,132,0,0.00045014256894439957,0.8076473421598483,1.0,0.5
