num_nodes,num_edges,avg_degree,max_degree,min_degree,density,avg_weight,max_weight,min_weight
202803,9222554,90.9508636460013,100,0,0.00044847123621069465,0.80741676036376,1.0,0.5
