{
  "Article_mAP": 0.550546640592708,
  "Article_MRR": 0.550546640592708,
  "Article_Recall@1": 0.45780399274047184,
  "Article_Recall@5": 0.6656079854809437,
  "Article_Recall@10": 0.7391107078039928,
  "Article_Recall@20": 0.7958257713248639,
  "Article_Recall@50": 0.7958257713248639,
  "Image_mAP": 0.35810107164462884,
  "Image_MRR": 0.35810107164462884,
  "Image_Recall@1": 0.2595281306715064,
  "Image_Recall@5": 0.49637023593466423,
  "Image_Recall@10": 0.5671506352087115,
  "Image_Recall@20": 0.5671506352087115,
  "Image_Recall@50": 0.5671506352087115
}